DisplayName, Description, Nickname, Owners, Members
CSGA-PRD-IAM-CAP-SOS_Account, CSGA-PRD-IAM-CAP-SOS_Account, CSGA-PRD-IAM-CAP-SOS_Account
CSGA-PRD-IAM-CAP-CA001_Include, CSGA-PRD-IAM-CAP-CA001_Include, CSGA-PRD-IAM-CAP-CA001_Include
CSGA-PRD-IAM-CAP-CA002_Include, CSGA-PRD-IAM-CAP-CA002_Include, CSGA-PRD-IAM-CAP-CA002_Include
CSGA-PRD-IAM-CAP-CA003_Include, CSGA-PRD-IAM-CAP-CA003_Include, CSGA-PRD-IAM-CAP-CA003_Include
CSGA-PRD-IAM-CAP-CA010_Include, CSGA-PRD-IAM-CAP-CA010_Include, CSGA-PRD-IAM-CAP-CA010_Include
CSGA-PRD-IAM-CAP-CA011_Include, CSGA-PRD-IAM-CAP-CA011_Include, CSGA-PRD-IAM-CAP-CA011_Include
CSGA-PRD-IAM-CAP-CA012_Include, CSGA-PRD-IAM-CAP-CA012_Include, CSGA-PRD-IAM-CAP-CA012_Include
CSGA-PRD-IAM-CAP-CA020_Include, CSGA-PRD-IAM-CAP-CA020_Include, CSGA-PRD-IAM-CAP-CA020_Include
CSGA-PRD-IAM-CAP-CA030_Include, CSGA-PRD-IAM-CAP-CA030_Include, CSGA-PRD-IAM-CAP-CA030_Include
CSGA-PRD-IAM-CAP-CA040_Include, CSGA-PRD-IAM-CAP-CA040_Include, CSGA-PRD-IAM-CAP-CA040_Include
CSGA-PRD-IAM-CAP-CA100_Include, CSGA-PRD-IAM-CAP-CA100_Include, CSGA-PRD-IAM-CAP-CA100_Include
CSGA-PRD-IAM-CAP-CA101_Include, CSGA-PRD-IAM-CAP-CA101_Include, CSGA-PRD-IAM-CAP-CA101_Include
CSGA-PRD-IAM-CAP-CA102_Include, CSGA-PRD-IAM-CAP-CA102_Include, CSGA-PRD-IAM-CAP-CA102_Include
CSGA-PRD-IAM-CAP-CA110_Include, CSGA-PRD-IAM-CAP-CA110_Include, CSGA-PRD-IAM-CAP-CA110_Include
CSGA-PRD-IAM-CAP-CA200_Include, CSGA-PRD-IAM-CAP-CA200_Include, CSGA-PRD-IAM-CAP-CA200_Include
CSGA-PRD-IAM-CAP-CA400_Include, CSGA-PRD-IAM-CAP-CA400_Include, CSGA-PRD-IAM-CAP-CA400_Include
CSGA-PRD-IAM-CAP-CA600_Include, CSGA-PRD-IAM-CAP-CA600_Include, CSGA-PRD-IAM-CAP-CA600_Include
CSGA-PRD-IAM-CAP-CA800_Include, CSGA-PRD-IAM-CAP-CA800_Include, CSGA-PRD-IAM-CAP-CA800_Include
CSGA-PRD-IAM-CAP-CA001_Exclude, CSGA-PRD-IAM-CAP-CA001_Exclude, CSGA-PRD-IAM-CAP-CA001_Exclude
CSGA-PRD-IAM-CAP-CA002_Exclude, CSGA-PRD-IAM-CAP-CA002_Exclude, CSGA-PRD-IAM-CAP-CA002_Exclude
CSGA-PRD-IAM-CAP-CA003_Exclude, CSGA-PRD-IAM-CAP-CA003_Exclude, CSGA-PRD-IAM-CAP-CA003_Exclude
CSGA-PRD-IAM-CAP-CA010_Exclude, CSGA-PRD-IAM-CAP-CA010_Exclude, CSGA-PRD-IAM-CAP-CA010_Exclude
CSGA-PRD-IAM-CAP-CA011_Exclude, CSGA-PRD-IAM-CAP-CA011_Exclude, CSGA-PRD-IAM-CAP-CA011_Exclude
CSGA-PRD-IAM-CAP-CA012_Exclude, CSGA-PRD-IAM-CAP-CA012_Exclude, CSGA-PRD-IAM-CAP-CA012_Exclude
CSGA-PRD-IAM-CAP-CA020_Exclude, CSGA-PRD-IAM-CAP-CA020_Exclude, CSGA-PRD-IAM-CAP-CA020_Exclude
CSGA-PRD-IAM-CAP-CA030_Exclude, CSGA-PRD-IAM-CAP-CA030_Exclude, CSGA-PRD-IAM-CAP-CA030_Exclude
CSGA-PRD-IAM-CAP-CA040_Exclude, CSGA-PRD-IAM-CAP-CA040_Exclude, CSGA-PRD-IAM-CAP-CA040_Exclude
CSGA-PRD-IAM-CAP-CA100_Exclude, CSGA-PRD-IAM-CAP-CA100_Exclude, CSGA-PRD-IAM-CAP-CA100_Exclude
CSGA-PRD-IAM-CAP-CA101_Exclude, CSGA-PRD-IAM-CAP-CA101_Exclude, CSGA-PRD-IAM-CAP-CA101_Exclude
CSGA-PRD-IAM-CAP-CA102_Exclude, CSGA-PRD-IAM-CAP-CA102_Exclude, CSGA-PRD-IAM-CAP-CA102_Exclude
CSGA-PRD-IAM-CAP-CA110_Exclude, CSGA-PRD-IAM-CAP-CA110_Exclude, CSGA-PRD-IAM-CAP-CA110_Exclude
CSGA-PRD-IAM-CAP-CA200_Exclude, CSGA-PRD-IAM-CAP-CA200_Exclude, CSGA-PRD-IAM-CAP-CA200_Exclude
CSGA-PRD-IAM-CAP-CA400_Exclude, CSGA-PRD-IAM-CAP-CA400_Exclude, CSGA-PRD-IAM-CAP-CA400_Exclude
CSGA-PRD-IAM-CAP-CA600_Exclude, CSGA-PRD-IAM-CAP-CA600_Exclude, CSGA-PRD-IAM-CAP-CA600_Exclude
CSGA-PRD-IAM-CAP-CA800_Exclude, CSGA-PRD-IAM-CAP-CA800_Exclude, CSGA-PRD-IAM-CAP-CA800_Exclude